array,stationname,latitude,longitude
Nanticoke,10 Nanticoke/ Roaring Point,38.26578,-75.9229
Kennebec,15 Brunswick,43.9228833,-69.95905
Kennebec,16 Sasanoa,43.9109333,-69.7972833
Kennebec,17 Phippsburg,43.86895,-69.7972333
Kennebec,18 Mill Cove,43.7806667,-69.7918167
Merrimack,180719 Joppa,42.8124,-70.8522
Delaware,2020 Bay Gate 004,38.84141,-75.07036
Delaware,2020 Bay Gate 015,38.93054,-74.98018
Delaware,2020 DE Bay Gate 002,38.82616,-75.08854
Delaware,2020 DE Bay Gate 003,38.83414,-75.07906
Delaware,2020 DE Bay Gate 006,38.85943,-75.05293
Delaware,2020 DE Bay Gate 007,38.87059,-75.0482
Delaware,2020 DE Bay Gate 008,38.88093,-75.04175
Delaware,2020 DE Bay Gate 009,38.89219,-75.0382
Bay Mouth,2CH off henry,36.95522,-76.01277
VA Coast,2c off cape henry,36.95506,-75.97276
NJ Coast,35215 Chapel Hill South Channel Buoy 5,40.49453333,-74.04735
NY Bay,36150 Raritan River Channel Buoy 16,40.49936667,-74.14516667
NY Bay,36180 Raritan Bay Channel Buoy 27,40.50633333,-74.18463333
Nanticoke,4 Marshyhope/Brookview buoy,38.57442,-75.7822
Nanticoke,4.9 Marshyhope confluence,38.52742,-75.76008
Nanticoke,5 Nanticoke/Sharptown,38.53877,-75.73178
Nanticoke,5 Sharptown,38.53877,-75.73178
Nanticoke,5.5 MD/DE state line,38.56086,-75.70159
Nanticoke,6.5 Nanticoke/Riverton,38.51246,-75.75607
Nanticoke,6.5 Riverton,38.51246,-75.75607
Nanticoke,7 Ferry Point,38.47844,-75.82297
Nanticoke,7 Nanticoke/ Ferry Point,38.47844,-75.82297
Nanticoke,8 Lewis Wharf,38.42446,-75.83797
Nanticoke,8 Nanticoke/ Lewis Wharf,38.42446,-75.83797
Nanticoke,8.5 Pen Knife Point,38.39308,-75.84669
Nanticoke,9 Chapter Point,38.37995,-75.86632
Nanticoke,9 Nanticoke/Chapter Point,38.37995,-75.86632
MD Coast,A-5C,38.3356,-74.72215
FALSE_DET,ACB084,69.43736,-106.03243
MD Coast,AM1,38.33598,-74.83507
MD Coast,AM2,38.3361,-74.79853
MD Coast,AM3,38.33613,-74.76173
MD Coast,AM4,38.3362,-74.72497
MD Bay,AN,38.9631,-76.4475
MD Coast,AN1,38.36888,-74.8356
MD Coast,AN2,38.36897,-74.79857
MD Coast,AN3,38.36892,-74.76203
MD Coast,AN3_250,38.36893,-74.7649
MD Coast,AN3_800,38.36893,-74.7712
MD Coast,AN4,38.36883,-74.7252
Elizabeth,APM1,36.87769,-76.33727
MD Coast,AS1,38.30388,-74.83629
MD Coast,AS2,38.30366,-74.79847
MD Coast,AS3,38.30395,-74.76187
MD Coast,AS4,38.30385,-74.72512
FALSE_DET,ASF-Cassilis 2,46.93493,-65.78328
FALSE_DET,AVPS_06,17.79074,-64.64156
FALSE_DET,AVPS_07,17.79009,-64.64101
FALSE_DET,AVPS_09,17.79048,-64.64248
FALSE_DET,AVPS_10,17.78981,-64.64189
FALSE_DET,AVPS_12,17.79035,-64.64339
FALSE_DET,AVPS_14,17.78904,-64.64229
FALSE_DET,Above Grand Bay Ferry,45.364,-66.22659
Potomac,Alexandria,38.81249,-77.033668
Potomac,Alexandria (2),38.81249,-77.03367
MD Bay,Annapolis,38.96281,-76.44711
MD Bay,Annapolis_VR2C,38.96275,-76.44685
GS Bay,Atlantique Mooring,40.64393,-73.17374
Bay Mouth,B11,37.01566,-76.04745
Bay Mouth,B13,37.04074,-76.07132
Bay Mouth,B15,37.06356,-76.09292
Bay Mouth,B5,36.97968,-76.00367
Bay Mouth,B7,36.99001,-76.01317
FALSE_DET,BAR10,48.58271,-64.29224
Buzzards,BB1,41.48709,-70.9741
MA Coast,BB10.1,41.419377,-70.957246
Buzzards,BB2,41.4954,-70.9671
Buzzards,BB3,41.48869,-70.9603
MA Coast,BB4,41.47667774,-71.03520393
MA Coast,BB4.1,41.46758166,-71.0357
MA Coast,BB5,41.45924327,-71.03009506
MA Coast,BB6,41.45075812,-71.0184294
MA Coast,BB8,41.4310754,-70.99523032
MA Coast,BB8.1,41.428333,-70.9916667
LI Sound,BELL2,41.25074,-72.38498
Patuxent,BENBRG,38.5126,-76.66975
MA Coast,BH1,42.40929,-70.9048
MA Coast,BH2,42.39859,-70.8984
MA Coast,BH3,42.38788,-70.8921
MA Coast,BH4,42.37718,-70.8857
MA Coast,BH5,42.36648,-70.8793
MA Coast,BH6,42.35577,-70.8729
MA Coast,BH7,42.34505,-70.8761
MA Coast,BH8,42.33398,-70.8723
MA Coast,BH9,42.32648,-70.8755
DE Coast,BOEM_E_10,38.65383,-74.62283
DE Coast,BOEM_E_11,38.62844551,-74.62609174
DE Coast,BOEM_E_12,38.60313788,-74.62927936
DE Coast,BOEM_E_13,38.57772594,-74.63243944
DE Coast,BOEM_E_14,38.55240766,-74.63560566
DE Coast,BOEM_E_15,38.5269671,-74.63884309
DE Coast,BOEM_E_16,38.50163513,-74.64207559
DE Coast,BOEM_E_8,38.70460654,-74.61645889
DE Coast,BOEM_E_9,38.67918,-74.61968
DE Coast,BOEM_N_1,38.73016892,-74.82062883
DE Coast,BOEM_N_2,38.73016951,-74.78609271
DE Coast,BOEM_N_3,38.73017,-74.75164
DE Coast,BOEM_N_4,38.73011,-74.71709
DE Coast,BOEM_N_5,38.73015,-74.68264
DE Coast,BOEM_N_6,38.73013,-74.64816
DE Coast,BOEM_N_7,38.73000792,-74.6136521
DE Coast,BOEM_W_17,38.52439706,-74.66015569
DE Coast,BOEM_W_18,38.54729,-74.67802
DE Coast,BOEM_W_19,38.5701683,-74.69584292
DE Coast,BOEM_W_20,38.59309,-74.71373
DE Coast,BOEM_W_21,38.61601804,-74.731629
DE Coast,BOEM_W_22,38.63884,-74.74949
DE Coast,BOEM_W_23,38.66178568,-74.76730098
DE Coast,BOEM_W_24,38.68472757,-74.78523542
DE Coast,BOEM_W_25,38.70758505,-74.80301299
Patuxent,BROOME,38.40109,-76.55688
FALSE_DET,BUIS_01,17.78976,-64.6428
FALSE_DET,BUIS_08,17.78226,-64.61987
FALSE_DET,BUIS_21,17.79442,-64.64261
James,BUR_BAY_G1,37.04965,-76.6156
James,BUR_LAWN_G1,37.07954,-76.65501
James,BUR_LAWN_R4,37.051,-76.64137
Merrimack,Badger Rocks,42.8195,-70.8224
NJ Coast,Barnegat 11,39.89956667,-74.0443
NJ Coast,Barnegat 12,39.89923333,-74.03055
NJ Coast,Barnegat 13,39.8986,-74.01681667
NJ Coast,Barnegat 2,39.91073333,-74.05681667
NJ Coast,Barnegat 3,39.91018333,-74.04311667
NJ Coast,Barnegat 5,39.90918333,-74.01545
NJ Coast,Barnegat 7,39.90838333,-73.98791667
NJ Coast,Barnegat 8,39.9078,-73.97413333
NJ Coast,Barnegat Reef,39.76405,-74.031433
MA Coast,Barnstable Harbor,41.7515,-70.25505
NY Coast,Bay East,40.84316667,-72.47456667
NY Coast,Bay West,40.84328333,-72.47828333
Rhode,Bear Neck Creek Rhode River,38.89125,-76.5245
Patuxent,Benedicts Bridge,38.5126,-76.66975
DE Coast,Bethany Gate 1km,38.56414,-75.04482
DE Coast,Bethany Gate 2km,38.56409,-75.03336
DE Coast,Bethany Gate 6km,38.5641,-74.98747
DE Coast,Billingsgate Shoal Offshore,41.81549349,-70.18248544
Hudson,Bolles Island,41.8147252,-73.9465703
Hudson,Brandow Pt - R128,42.2402,-73.83688
Patuxent,Broomes,38.40109,-76.55688
MD Bay,Buoy L (Sandy Point),39.44099,-76.05331
Buzzards,Buzzards Bay Barge,41.4464,-70.9891
C&D,C & D Canal East,39.55222,-75.621
C&D,C&D Canal East,39.55222,-75.621
C&D,C&D Canal West,39.54438,-75.66556
C&D,C&D West LL 9200,39.52901,-75.86045
MA Coast,CA1,42.66545868,-70.58099
MA Coast,CA2,42.67055893,-70.56672
MA Coast,CA3,42.67565155,-70.55244
MA Coast,CA4,42.68104935,-70.53838
MA Coast,CA5,42.68684006,-70.52459
VA Coast,CB,36.81619,-75.75994
VA Coast,CB 11,36.88531,-75.88868
VA Coast,CB 9,36.86967,-75.87104
VA Coast,CB1,36.82539,-75.78185
VA Coast,CB11,36.88516,-75.88841
VA Coast,CB13,36.90081,-75.90592
VA Coast,CB3,36.83663,-75.80417
VA Coast,CB5,36.84755,-75.82639
VA Coast,CB7,36.85864,-75.8485
VA Coast,CB9,36.86979,-75.87109
Bay Mouth,CBBT1,37.08873,-75.98784
Bay Mouth,CBBT2,37.0574,-76.04637
Bay Mouth,CBBT3,37.0076,-76.0955
Bay Mouth,CBBT4,36.94947,-76.11865
Bay Mouth,CBBT5,36.93364,-76.12432
Bay Mouth,CBBT7,37.08738,-76.00079
Bay Mouth,CBJLBCY,37.1007,-76.1195
Patuxent,CBL PIER,38.31715,-76.45113
Patuxent,CBL Pier,38.31715,-76.45113
VA Bay,CBLB23,37.14462,-76.15065
VA Bay,CBLB29,37.18612,-76.15695
VA Bay,CBLB34,37.23557,-76.13414
VA Bay,CBLB38,37.29187,-76.11208
Bay Mouth,CC LS,37.09695,-75.99201
FALSE_DET,CC8,28.42845917,-80.55349731
MA Coast,CCB Offshore 1 (Scusset Beach),41.80975916,-70.50607589
MA Coast,CCB Offshore 2,41.773067,-70.413117
MA Coast,CCB Offshore 3,41.770433,-70.29625
MA Coast,CCCNE,41.7741394,-70.5181
MA Coast,CCCNW2,41.73998,-70.61945
MA Coast,CCCSE,41.7723999,-70.51705
MA Coast,CCCSW2,41.73875,-70.6211
C&D,CD WEST LL 9200,39.52901,-75.86045
MD Bay,CEDAR POINT A,38.30117,-76.36338
MD Bay,CEDAR POINT B,38.30378,-76.353
MD Bay,CEDAR POINT C,38.30754,-76.3321
MD Bay,CEDAR POINT D,38.31122,-76.31133
MD Bay,CEDAR POINT E,38.31567,-76.28438
VA Coast,CH,36.93534,-75.95619
Rappahannock,CR Main,37.680315,-76.46568
Choptank,CR1,38.67393,-75.95104
Choptank,CR3,38.57627,-76.06491
MD Coast,CS-1,38.396,-74.784
MA Coast,CZ1-S,42.529965,-70.704651
MA Coast,CZ1-T2,42.519779,-70.704688
MA Coast,CZ1-T3,42.514687,-70.704707
MA Coast,CZ1-T5,42.512134,-70.701274
MA Coast,CZ1-T7,42.51212,-70.694391
MA Coast,CZ2-T1,42.527411,-70.701218
MA Coast,CZ2-T2,42.522319,-70.701237
MA Coast,CZ2-T3,42.517226,-70.701256
MA Coast,CZ2-T5,42.514673,-70.697823
MA Coast,CZ2-T7,42.514659,-70.69094
MA Coast,CZ3-T1,42.529951,-70.697766
MA Coast,CZ3-T2,42.524858,-70.697785
MA Coast,CZ3-T3,42.519766,-70.697804
MA Coast,CZ3-T5,42.517212,-70.694372
MA Coast,CZ3-T7,42.517198,-70.687488
MA Coast,CZ4-T2,42.527397,-70.694333
MA Coast,CZ4-T3,42.522305,-70.694352
MA Coast,CZ4-T6,42.519751,-70.69092
MA Coast,CZ4-T7,42.519737,-70.684036
MA Coast,CZ5-T2,42.529936,-70.690881
MA Coast,CZ5-T4,42.524844,-70.6909
MA Coast,CZ5-T6,42.52229,-70.687468
MA Coast,CZ6-T4,42.527383,-70.687448
MA Coast,CZ6-T6,42.524829,-70.684016
MD Bay,Cedar Point A,38.3011611,-76.3633833
MD Bay,Cedar Point B,38.30364,-76.35263
MD Bay,Cedar Point C,38.30754,-76.3321
MD Bay,Cedar Point D,38.31123,-76.31134
MD Bay,Cedar Point E,38.31555,-76.28446
MA Coast,Chatham Hbr Inlet North,41.6663,-69.9261
MA Coast,Chatham Hbr Inlet South,41.638,-69.949
MA Coast,Chatham Hbr Offshore,41.66,-69.903
MA Coast,Chatham North Inlet,41.698501,-69.926078
Choptank,Choptank 2/Bow Knee Point,38.67393,-75.95104
Choptank,Choptank 3/Hydro Buoy Bridge,38.58476,-76.05799
Choptank,Choptank 3/Hydro buoy bridge,38.58476,-76.05799
Choptank,Choptank 4 Dover Bridge,38.737631,-75.995936
Choptank,Choptank 4/USCG Lighted Buoy 1,38.57627,-76.06491
Choptank,Choptank Bow Knee Point #41,38.678417,-75.95
Choptank,Choptank/Hydro buoy bridge,38.584764,-76.057992
Choptank,Choptank/USCG Lighted Buoy 1,38.580136,-76.062456
Delaware,Christina RR Bridge 1.4,39.72837,-75.53416
Delaware,Christina River,39.73248,-75.53232
Buzzards,Cleveland Ledge,41.6312,-70.6948
MA Coast,Coast Guard Beach,41.839,-69.936
Potomac,Cornfield Harbor-Potomac,38.04687,-76.34373
Buzzards,Cuttyhunk,41.4302,-70.9314
Buzzards,DART,41.5296667,-70.9353333
FALSE_DET,DC4,44.93579,-66.98209
FALSE_DET,DC5,44.93373,-66.98302
FALSE_DET,DC7,44.9334,-66.98084
DE Coast,DE Bay Gate 001,38.81088,-75.09472
DE Coast,DE Bay Gate 002,38.82616,-75.08858
DE Coast,DE Bay Gate 003,38.83563,-75.07794
DE Coast,DE Bay Gate 005,38.85536,-75.05782
DE Coast,DE Bay Gate 01,38.92653,-74.96745
DE Coast,DE Bay Gate 06,38.88263,-75.01629
DE Coast,DE Bay Gate 12,38.83001,-75.07516
Delaware,DE River Gate 1A,39.434,-75.51775
Delaware,DE River Gate 1B,39.43925,-75.55429
Delaware,DE River Gate 2A,39.44079,-75.51071
Delaware,DE River Gate 2B,39.44485,-75.53538
Delaware,DE River Gate 3A,38.83563,-75.07794
Delaware,DE River Gate 3B,39.45357,-75.53444
Delaware,DFW #01,39.20563,-75.35645
Delaware,DFW #02,39.26126,-75.30542
Delaware,DFW #03,39.27597,-75.29476
Delaware,DFW #1,38.95363,-75.27504
MA Coast,DMF-10NU,42.45758333,-70.8411
MA Coast,DMF-6NU,42.4916,-70.78641667
MA Coast,DMF-7NU,42.48285,-70.79906667
MA Coast,DMF-8NU,42.47553333,-70.80401667
MA Coast,DMF-9NU,42.4656,-70.818
MA Coast,Dennis,41.775639,-70.132972
Potomac,Dogue Creek,38.69098,-77.110077
MA Coast,Duxbury Beach,42.04102,-70.63148
FALSE_DET,E,44.93631,-66.9822
GS Bay,E.Channel 14,40.65067,-73.16013
GS Bay,E.ChannelLtBuoy 12,40.64782,-73.16869
GS Bay,E.ChannelLtBuoy 21,40.66563,-73.13453
Buzzards,EI1,41.521481,-70.690539
Buzzards,EI2,41.524496,-70.695013
Buzzards,EI4,41.444143,-70.844914
Buzzards,EI5,41.448318,-70.850318
MA Coast,ER1,42.3769833,-70.6846667
MA Coast,ER2,42.4043333,-70.69926407
MA Coast,ER3,42.3991667,-70.66757602
MA Coast,ER5,42.41245,-70.6505
MA Coast,ER6,42.38569,-70.7086
GS Bay,EW Junction,40.64615,-73.20307
LI Sound,EW001,41.26232,-72.34073
East,East River East Channel,40.76428056,-73.94558611
East,East River West Channel,40.76881389,-73.94553611
Buzzards,Elizabeth Islands 1,41.52126,-70.6904
Buzzards,Elizabeth Islands 2,41.52228,-70.69528
MA Coast,Ellisville,41.847,-70.522
GS Bay,FIChannelLtBuoy 7,40.63234,-73.30338
GS Bay,FILtBuoy 10,40.63049,-73.29921
DE Coast,Fenwick Gate 12km,38.45115,-74.91151
DE Coast,Fenwick Gate 14km,38.45111,-74.88878
DE Coast,Fenwick Gate 1km,38.45112,-75.03775
DE Coast,Fenwick Gate 4km,38.45117,-75.00334
NY Coast,Fire Island 10,40.60101667,-73.1203
NY Coast,Fire Island 11,40.59108333,-73.11515
NY Coast,Fire Island 12,40.581,-73.10998333
NY Coast,Fire Island 13,40.57113333,-73.10475
NY Coast,Fire Island 6,40.6408,-73.14095
NY Coast,Fire Island 7,40.63081667,-73.13568333
NY Coast,Fire Island 8,40.62086667,-73.1307
NY Coast,Fire Island 9,40.61096667,-73.12543333
Hudson,Four Mile Pt - G145,42.29717,-73.78265
James,Ft. Poco,37.304,-76.997
FALSE_DET,G,44.93153,-66.98245
James,G119,37.32042,-77.27732
James,G135,37.35257,-77.28876
James,G155A,37.39411,-77.38402
James,G23,37.1169,-76.637
James,G27,37.16581,-76.63395
James,G41,37.2125,-76.6714
James,G77A,37.2695,-77.0591
MA Coast,GMG-A01,42.523,-70.56533
FALSE_DET,GMXSNP-13,30.09307,-87.10702
FALSE_DET,GMXSNP-20-2017,29.54958,-87.61443
FALSE_DET,GMXSNP-22,30.08787,-87.11955
FALSE_DET,GMXSNP-23,30.09057,-87.11642
FALSE_DET,GMXSNP-25,30.09042,-87.11027
FALSE_DET,GMXSNP-26,30.08793,-87.10708
FALSE_DET,GMXSNP-28,30.08778,-87.10083
FALSE_DET,GMXSNP-29,30.09043,-87.09788
FALSE_DET,GMXSNP-32,30.0879,-87.0883
FALSE_DET,GMXSNP-36,30.08502,-87.11658
FALSE_DET,GMXSNP-42,30.08517,-87.09762
FALSE_DET,GMXSNP-47,30.07962,-87.12293
MD Bay,GR,38.55645,-76.41504
NJ Coast,Garden State North,39.619983,-74.039933
MD Bay,Gooses Reef,38.55645,-76.41504
MD Bay,GoosesReef_VR2C,38.55669,-76.41472
Hudson,Green can,42.74451,-73.68809
Hudson,Green can 229,42.74451004,-73.68809591
Merrimack,Groveland,42.7657,-71.0324
MA Coast,Gurnet Pt,42.00286667,-70.5941
LI Sound,HAM01,41.17841,-72.57423
Merrimack,HAV 495,42.7682,-71.1201
Merrimack,HAVSP2,42.7631,-71.1009
Merrimack,HAVSP3,42.7633,-71.1003
Merrimack,HAVSP4,42.7622,-71.0968
Merrimack,HAVSTA,42.7665,-71.0918
James,HI,37.20847,-76.68839
Hudson,HP67,42.48195,-73.78596
Hudson,HP68,42.48503,-73.8686
Hudson,HP69,42.48531,-73.78576
Hudson,HP70,42.48325,-73.78738
Hudson,HP71,42.4833,-73.78629
Hudson,HP72,42.48307,-73.78568
Potomac,Hains Point,38.85175,-77.022041
Potomac,Hains Point (B),38.85175,-77.02204
Merrimack,Hales Island,42.7582,-71.0489
MA Coast,"Herring Cove (originally Pamet, Provincetown)",42.04023333,-70.22753333
MA Coast,Herring Cove P-Town,42.04,-70.226667
MA Coast,Herring Cove PTown,42.04,-70.228
Boston H,Hingham,42.28202,-70.90517
Hudson,Hogs Back North - RGN,42.02233,-73.93228
DE Coast,Holgate,39.522,-74.257317
Hudson,Hudson - G133,42.25592,-73.80101
MA Coast,Hull 1,42.27707,-70.8393
MA Coast,Hull 2,42.27707,-70.85297
MD Coast,IN2,38.3688,-74.92677
MD Coast,INNER N,38.43768,-74.7002
MD Coast,INNER SE,38.42872,-74.75971
MD Coast,INNER SW,38.42619,-74.77468
MD Coast,IS1,38.3089,-75.01166
MD Coast,IS2,38.30378,-74.9271
MD Coast,IS2_250,38.30387,-74.93
MD Coast,IS2_800,38.30387,-74.936
Hudson,Ingalls_manual1,42.48426,-73.7876
Hudson,Ingalls_manual2,42.48442,-73.7875
NY Coast,Inlet 2,40.83945,-72.47536667
NY Coast,Inlet 3,40.83986667,-72.47755
MD Coast,Inner N,38.43758,-74.77003
MD Coast,Inner SE,38.42858,-74.75976
MD Coast,Inner SW,38.42613,-74.77479
MD Coast,Inner SW + hydrophone,38.42508,-74.77547
James,J,37.20418,-76.77745
Patuxent,JACKSN,38.43063,-76.60825
Patuxent,JACKSS,38.42368,-76.61345
James,JT Ferry,37.2218,-76.8017
Patuxent,JUGDCK,38.78122,-76.71368
Patuxent,JUGNO_2A,38.73514,-76.69471
Patuxent,JUGNO_3,38.73676,-76.68536
Patuxent,Jacks North,38.43054,-76.60825
Patuxent,Jacks South,38.424444,-76.610862
James,Jamestown,37.20417,-76.7775
MA Coast,Jeremy Point Wellfleet,41.847,-70.048
MA Coast,Jeremy Pt Wellfleet,41.84686667,-70.04808333
NY Coast,Jones Beach 1,40.59553333,-73.46625
NY Coast,Jones Beach 2,40.58551667,-73.4627
NY Coast,Jones Beach 3,40.5755,-73.45818333
NY Coast,Jones Beach 4,40.56525,-73.45351667
NY Coast,Jones Beach 5,40.55536667,-73.44821667
NY Coast,Jones Beach 6,40.54595,-73.44156667
NY Coast,Jones Beach 7,40.53596667,-73.43645
NY Coast,Jones Beach 8,40.52586667,-73.43213333
Merrimack,Joppa,42.8124,-70.8522
Merrimack,Joppa Flats E,42.809833,-70.853433
Patuxent,Jug,38.78126,-76.71366
MD Bay,Kent Island A,38.99533,-76.39953
MD Bay,Kent Island B,38.99132,-76.39023
MD Bay,Kent Island C,38.98415,-76.37278
MD Bay,Kent Island D,38.97992,-76.35397
FALSE_DET,Kingsclear winter 2015-6,45.88186,-66.92325
Bay Mouth,LC1,36.96782,-76.16756
Bay Mouth,LC2,36.94141,-76.17977
FALSE_DET,LESPUR003,56.48925,-5.14363
DE Coast,LL# 1480 DE Bay N Approach LB 4,38.7989,-74.97584
DE Coast,LL# 1485 DE Bay Approach LWB CH,38.77055,-75.02209
DE Coast,LL# 1495 Hen and Chickens Shoal LB 3HC,38.74623,-75.02346
DE Coast,LL# 1505 DE Bay Entrance Channel LGB 5,38.77667,-75.05917
Delaware,LL# 1625 DE Bay Main Channel Buoy 34,39.24705,-75.3153
Delaware,LL# 1630 DE Bay Main Channel Buoy 35,39.26705,-75.34443
Delaware,LL# 1635 DE Bay Main Channel Buoy 35,39.26705,-75.3443
Delaware,LL# 1635 DE Bay Main Channel Buoy 38,39.29636,-75.37275
Delaware,LL# 1645 De Bay Main Channel Lighted 42,39.3513,-75.43685
DE Coast,LL# 190 Hen and Chickens Shoal LGB 1HC,38.71188,-74.9822
Delaware,LL# 2240 Blake Channel Buoy 2,39.22929,-75.33277
Delaware,LL# 2245 Bombay Hook Pt Shoal Buoy 5,39.31378,-75.41407
Delaware,LL# 2305 Port Mahon Approach Buoy 1,39.21265,-75.3364
Delaware,LL# 2362 Port Mahon Approach Buoy 4,39.19511,-75.37395
Delaware,LL# 2455 DE Bay Main Channel Buoy 44,39.37695,-75.46645
Delaware,LL# 2455 Liston Range Buoy 4L,39.37695,-75.46645
Delaware,LL# 2460 De Bay Main Channel Lighted 46,39.3998,-75.49312
Delaware,LL# 2470 DE Bay Main Channel Buoy 48,39.42734,-75.52499
Delaware,LL# 2470 Liston Range LB 8L,39.42734,-75.52499
Delaware,LL# 2472 De Bay Main Channel Buoy 49,39.43873,-75.54331
Delaware,LL# 2515 Baker Range Buoy 3B,39.46928,-75.56402
Delaware,LL# 2515 Delaware River Lighted Buoy 3,39.46928,-75.56402
Delaware,LL# 2620 Delaware River Lighted Buoy 9,39.51706,-75.55294
Delaware,LL# 2630 Artificial Is Anchorage Buoy B,39.51678,-75.54159
Delaware,LL# 2720 Delaware River Lighted Buoy 11,39.55181,-75.54356
Delaware,LL# 2720 New Castle Range LGB 1N,39.552612,-75.542285
C&D,LL# 2760 C&D Canal Light 3,39.55222,-75.621
Delaware,LL# 2820 Bulkhead Shoal Channel B 8,39.58852,-75.58925
Delaware,LL# 2835 Delaware River Lighted Buoy 17,39.60792,-75.576
Delaware,LL# 2835 New Castle Range Buoy 7N,39.60792,-75.576
Delaware,LL# 2945 Deepwater Point Range LB 4D,39.64047,-75.55992
Delaware,LL# 2945 Delaware River Lighted Buoy 24,39.64047,-75.55992
Delaware,LL# 2950 Deepwater Point Range LB 5D,39.65609,-75.547146
Delaware,LL# 2950 Delaware River Lighted Buoy 25,39.65608,-75.54714
Delaware,LL# 2960 New Castle Flats Buoy 29,39.66983,-75.5352
Delaware,LL# 2970 Cherry Is. Range Buoy 2C,39.67289,-75.52269
Delaware,LL# 2970 Delaware River Lighted Buoy 28,39.67289,-75.52269
Delaware,LL# 2995 Cherry Is. Range Buoy 3C,39.70297,-75.5146
Delaware,LL# 2995 Delaware River Lighted Buoy 29,39.70297,-75.5146
Delaware,LL# 3000 Delaware River Buoy 56,39.84774,-75.31325
Delaware,LL# 3030 Cherry Island Range Red 4C,39.72789,-75.50123
Delaware,LL# 3030 Delaware River Lighted Buoy 32,39.72789,-75.50123
Delaware,LL# 3045 Bellevue Range Buoy 2B,39.7416,-75.49409
Delaware,LL# 3050 Cherry Is Fl East Buoy 1,39.71847,-75.50042
Delaware,LL# 3055 Cherry Is. Flats E Channel B 2,39.72469,-75.48903
Delaware,LL# 3055 Cherry Is. Flats E. Channel 2,39.72469,-75.48903
Delaware,LL# 3065 Cherry Is Flats E Chan. Bouy 4,39.74211,-75.47769
Delaware,LL# 3065 Cherry Is. Flats E Channel B 4,39.74211,-75.47769
Delaware,LL# 3105 Bellevue Range Buoy 4B,39.75653,-75.4827
Delaware,LL# 3110 Bellevue Range LB 6B,39.75812,-75.48053
Delaware,LL# 3110 Delaware River Lighted Buoy 38,39.75812,-75.48053
Delaware,LL# 3130 Marcus Hook Range LBB 2M,39.78186,-75.4575
Delaware,LL# 3160 Marcus Hook Range LB 6M,39.79545,-75.43331
Delaware,LL# 3165 Marcus Hook Anchorage Buoy A,39.79605,-75.41736
Delaware,LL# 3180 Marcus Hook Anchorage Buoy A,39.79605,-75.41736
Delaware,LL# 3180 Marcus Hook Anchorage Buoy B,39.80326,-75.40299
Delaware,LL# 3205 Marcus Hook Anchorage Buoy C,39.81054,-75.3881
Delaware,LL# 3210 Marcus Hook Range LB 9M,39.81761,-75.39458
Delaware,LL# 3215 Chester Range LGB 1C,39.82424,-75.38097
Delaware,LL# 3215 Delaware River Lighted Buoy 49,39.82424,-75.3809
Delaware,LL# 3245 Chester Range 4C,39.81899,-75.364635
Delaware,LL# 3245 Delaware River Lighted Buoy 50,39.83151,-75.36462
Delaware,LL# 3255 Chester Range LB 6C,39.8415,-75.34751
Delaware,LL# 3255 Delaware River Lighted Buoy 52,39.84130694,-75.31914389
Delaware,LL# 3270 Delaware River Lighted Buoy 54,39.84736,-75.33102
Delaware,LL# 3270 Tinicum Island Range LB 2T,39.84736,-75.33102
Delaware,LL# 3310 Delaware River Lighted Buoy 57,39.85003194,-75.2964675
Delaware,LL# 3315 Delaware River Lighted Buoy 59,39.84981,-75.26485
Delaware,LL# 3315 Tinicum Island Range 3T,39.85003,-75.29652
Delaware,LL# 3315 Tinicum Island Range LB 5T,39.84981,-75.26485
Delaware,LL# 3380 Delaware River Lighted Buoy 61,39.85636,-75.24168
Delaware,LL# 3380 Mifflin Range LB 1F,39.85636,-75.24168
Delaware,LL# 3385 Delaware River Lighted Buoy 63,39.8648,-75.22547
Delaware,LL# 3385 Mifflin Range LB 3F,39.84774,-75.25272
Delaware,LL# 3395 Mantua Creek Anchorage Buoy B,39.86969,-75.20335
Delaware,LL# 3505 Delaware River Lighted Buoy 68,39.88011,-75.16659
Delaware,LL# 3505 Eagle Point Buoy 46,39.88011,-75.16659
Delaware,LL# 3565 Delaware River Lighted Buoy 75,39.89325,-75.13798
Delaware,LL# 3565 Horseshoe Bend LB 39,39.89325,-75.13798
Delaware,LL# 3605 DE River LB 50,39.96711,-75.11906
Delaware,LL# 3605 Delaware River Lighted Buoy 76,39.96711,-75.11906
Delaware,LL# 3685 Upper DE River CB 9,40.010723,-75.046756
Delaware,LL# 3775 Upper DE River CLB 18,40.02836167,-75.00114222
Hudson,LL# 37975 Hudson River LB 33,41.3462,-73.96403
Hudson,LL# 38010 West Point LB 40,41.3981931,-73.9473078
Hudson,LL# 38020 Constitution Island LB 46,41.4081494,-73.9620833
Hudson,LL# 38030 Hudson River Buoy 50,41.51565,-73.99931
Hudson,LL# 38080 Diamond Reef LB 56,41.58489917,-73.95561028
Hudson,LL# 38090 Spackenkill Shoal LB A,41.64417,-73.94833
Hudson,LL# 38095 Spackenkill Shoal LB B,41.67870472,-73.94347083
Hudson,LL# 38115 Poughkeepsie LB 60,41.71472,-73.94333
Hudson,LL# 38135 Esopus Island N Shoal LB EN,41.83077,-73.94737
Hudson,LL# 38150 Staatsburg LB 63,41.855,-73.945
Hudson,LL# 38165 LB 67,41.87493167,-73.94391194
Hudson,LL# 38170 Hudson River LB 70,41.88341583,-73.94521056
Hudson,LL# 38415 Hudson River LB 104,42.13935,-73.90763
Hudson,LL# 38425 Silver Point LB 106,42.14615139,-73.90419694
Hudson,LL# 38480 Catskill LB 117,42.1861,-73.8606
Hudson,LL# 38495 Catskill Creek LB 119,42.20594361,-73.85153694
Hudson,LL# 38670 Gays Point LB 154,42.33385417,-73.78366528
Hudson,LL# 38725 Rattlesnake Island LB 168,42.3831622,-73.79195194
Hudson,LL# 38775 Hudson River LB 177,42.41814,-73.78031
Hudson,LL# 38815 New Baltimore LB 185,42.4471933,-73.7858678
Hudson,LL# 38860 Hudson River LB 190,42.47601,-73.78568
Delaware,LL# 3920 Upper DE River CLB 36,40.0742775,-74.89752722
Delaware,LL# 4120 Upper DE River CB 66,40.11947111,-74.78955111
Delaware,LL# 4275 Upper DE River CB 92,40.16099861,-74.72143778
DE Coast,LL# 4360 Indian River Inlet LGB 1,38.60945,-75.04618
DE Coast,LL# 4365 Indian River Inlet LGB 2,38.60915,-75.05616
Elk,LL# 9080 Elk River Channel Lighted Buoy,39.5101,-75.89908
Elk,LL# 9160 Elk River Channel Lighted Buoy,39.51917,-75.8775
C&D,LL# 9200 Back Creek Channel LB 32,39.52908,-75.8606
MD Bay,LTEAST,37.90872,-75.9225
FALSE_DET,LVPS_03,17.78439,-64.61238
FALSE_DET,LVPS_13,17.78342,-64.61071
Potomac,"Lake Conoy, Potomac",38.05192,-76.32745
Hudson,Lighted Buoy 159,42.34997777,-73.79023898
Hudson,Lighted Buoy 24 - Haverstraw,41.20329951,-73.94420495
Hudson,Lighted Buoy 7,41.03666846,-73.88499995
Hudson,Lighted buoy 10,41.11306,-73.87653
Hudson,Lighted buoy 11,41.12571,-73.8811
Hudson,Lighted buoy 122,42.21795,-73.85208
Hudson,Lighted buoy 124,42.22936917,-73.84846
Hudson,Lighted buoy 128,42.2401953,-73.8368828
Hudson,Lighted buoy 13,41.13766646,-73.88245395
Hudson,Lighted buoy 133,42.2559203,-73.8010147
Hudson,Lighted buoy 145,42.2971753,-73.7826539
Hudson,Lighted buoy 15,41.1472,-73.88842
Hudson,Lighted buoy 18,41.16436648,-73.90824595
Hudson,Lighted buoy 201,42.52309,-73.76342
Hudson,Lighted buoy 213,42.57378,-73.75247
Hudson,Lighted buoy 22,41.18439,-73.93319
Hudson,Lighted buoy 24,41.20329,-73.9442
Hudson,Lighted buoy 26,41.22179,-73.95211
Hudson,Lighted buoy 27,41.27617,-73.95972
Hudson,Lighted buoy 46,41.40815052,-73.96208296
Hudson,Lighted buoy 56,41.58489663,-73.95560999
Hudson,Lighted buoy 7,41.03666846,-73.88499995
Hudson,Lighted buoy 74,41.92932,-73.95942
Hudson,Lighted buoy 80,41.96087944,-73.95568778
Hudson,Lighted buoy 82,41.9987239,-73.9423806
Hudson,Lighted buoy 94,42.07622,-73.92685
Hudson,Lighted buoy RGN,42.02233389,-73.9322797
Hudson,Lighted buoy22,41.1843995,-73.93319395
New Jersey,Little Egg Reef,39.46835,-74.1981
Rhode,Lloyd's Dock - Rhode River,38.87605,-76.51581
MA Coast,"Long Point, Provincetown",42.02701667,-70.17023333
MA Coast,Longnook Beach,42.021019,-70.028348
MD Bay,Lower Tangier East,37.90872,-75.9225
MD Bay,Lower Tangier West,37.9492,-75.96399
GS Bay,LtBuoy 90,40.63944,-73.24221
Patuxent,MAGRUD,38.64064,-76.69343
FALSE_DET,MAL21,46.53253,-63.76365
MA Coast,MARB1,42.48982383,-70.8539007
MA Coast,MARB2,42.47708292,-70.8775155
NY Coast,MB Inlet receiver 1,40.76207,-72.75657
NY Coast,MB WJ 1,40.76257,-72.75516
NY Coast,MB WJ inlet 2,40.76207,-72.75657
Moriches,MB9E,40.77272,-72.74015
MD Coast,MIDDLE N,38.23071,-74.75808
MD Coast,MIDDLE SE,38.2212,-74.75715
MD Coast,MIDDLE SW,38.21864,-74.76294
LI Sound,MIDWAY1,41.24923,-72.36318
Merrimack,MRC,42.821,-70.9647
MA Coast,MVineyard1,41.46805,-70.6338333
MA Coast,MVineyard2,41.4675,-70.6345667
Patuxent,Magruders,38.64033,-76.69348
Potomac,Mallows Bay,38.47028,-77.27277
MA Coast,Manomet Boulders,41.9025,-70.5134
MA Coast,Manomet Pt,41.92328333,-70.53245
MA Coast,Manomet Pt.,41.84746667,-70.52198333
Delaware,Mantua Creek Anchorage Buoy B,39.86969,-75.20335
MA Coast,Marblehead,42.4986,-70.80827
MA Coast,Marconi,41.893747,-69.954866
MA Coast,Marshfield 1,42.07275,-70.63441667
MA Coast,Marshfield 1 - Green Harbor,42.07275,-70.63441667
MA Coast,Marshfield 1 - Green Harbor Beach,42.07275,-70.6433
MA Coast,Marshfield 2,42.10925,-70.65858333
MA Coast,Marshfield 2 - Brant Rock,42.10925,-70.65858333
MA Coast,Marshfield 2 - Fieldston Beach,42.10925,-70.65858333
MA Coast,Marshfield 3,42.1255,-70.67391667
MA Coast,Marshfield 3 - Rexhame Beach,42.1255,-70.67391667
MA Coast,Marshfield 4,42.09975,-70.63543
MA Coast,Marshfield 4 - Brant Rock,42.09975,-70.63543
MA Coast,Marshfield 4 - Fieldstone Beach,42.09975,-70.63543
MA Coast,Marshfield 5,42.15995,-70.71348
MA Coast,Marshfield 5 - North/South River Junction,42.15995,-70.71348
MA Coast,Martha's Vineyard,41.3432,-70.5133
MA Coast,Martha's Vineyard 2,41.34625,-70.58816667
MA Coast,Martins Ledge,42.3333,-70.8674
Buzzards,Mattapoisett,41.63742,-70.7582
Potomac,Mattawoman,38.56072,-77.235022
LI Sound,Mattituck 1,41.01417,-72.55489
LI Sound,Mattituck 2,41.0139,-72.55449
Merrimack,MerrimackRKM-0.6,42.8246,-70.8036
Merrimack,MerrimackRKM0.2,42.8175,-70.8109
Merrimack,MerrimackRKM0.4,42.8167,-70.8083
Merrimack,MerrimackRKM1.1,42.8217,-70.8173
Merrimack,MerrimackRKM1.4,42.8193,-70.8264
Merrimack,MerrimackRKM1.8,42.817,-70.8262
Merrimack,MerrimackRKM10,42.8415,-70.9162
Merrimack,MerrimackRKM15.9,42.821,-70.9647
Merrimack,MerrimackRKM20.3,42.8033,-71.0008
Merrimack,MerrimackRKM24,42.7735,-71.0256
Merrimack,MerrimackRKM25,42.7657,-71.0324
Merrimack,MerrimackRKM4.2,42.8124,-70.8522
MD Coast,Middle N,38.23074,-74.76098
MD Coast,Middle SE,38.22099,-74.74736
MD Coast,Middle SW,38.21854,-74.76301
VA Bay,Mobjack Bay 2,37.29561,-76.26135
VA Bay,Mobjack Bay 5,37.28333,-76.30555
MA Coast,Monomoy Offshore,41.56,-69.968
NY Coast,Montauk 1,41.06226667,-71.85641667
NY Coast,Montauk 2,41.05866667,-71.8434
NY Coast,Montauk 3,41.05636667,-71.82981667
NY Coast,Montauk 4,41.05291667,-71.8165
NY Coast,Montauk 5,41.04966667,-71.8031
NY Coast,Montauk 6,41.04653333,-71.78988333
NY Coast,Montauk 7,41.04338333,-71.77648333
NY Coast,Montauk 8,41.04035,-71.76305
Moriches,Moriches Bay Buoy 10,40.76276,-72.8087
Moriches,Moriches Bay Buoy 11,40.77015,-72.784
Moriches,Moriches Bay LB 18,40.77924,-72.7612
Moriches,Moriches Bay LB 31,40.79514,-72.691
Moriches,Moriches Bay buoy LB 30,40.79022,-72.7129
Moriches,Moriches Inlet East Cut Buoy 3E,40.76804,-72.74995
Moriches,Moriches Inlet West Cut Buoy 4W red,40.77016,-72.7567
MA Coast,"Muskeget, Nantucket",41.3124,-70.3265
MA Coast,N. Shark Cove,41.616353,-69.958221
VA Coast,NCB,36.94934,-75.83813
VA Coast,NCC,36.93991,-75.87328
VA Coast,NCD,36.93987,-75.895
VA Coast,NCE,36.93995,-75.91568
MA Coast,NERACOOS May 2014,42.52316667,-70.5648333
James,NH10,36.94338,-76.33964
Elizabeth,NH12,36.92993,-76.34071
Elizabeth,NH14,36.91828,-76.34177
Elizabeth,NH29,36.87032,-76.32873
Elizabeth,NH32,36.86011,-76.31783
James,NH8,36.95066,-76.33902
FALSE_DET,NI10,45.03081,-67.00725
FALSE_DET,NI12,45.02895,-67.00722
FALSE_DET,NI13,45.0303,-67.00628
FALSE_DET,NI15,45.02853,-67.00608
FALSE_DET,NI17,45.02889,-67.00494
FALSE_DET,NI20,45.02867,-67.00364
FALSE_DET,NI25,45.03142,-67.00581
NJ Coast,NJ SANDY HOOK 11,40.39941667,-73.96991667
NJ Coast,NJ SANDY HOOK 12,40.40203333,-73.95968333
NJ Coast,NJ SANDY HOOK 13,40.40458333,-73.9465
NJ Coast,NJ SANDY HOOK 15,40.40765,-73.9252
NJ Coast,NJ SANDY HOOK 16,40.3888,-73.96906667
NJ Coast,NJ SANDY HOOK 18,40.39315,-73.94611667
NJ Coast,NJ SANDY HOOK 20,40.3967,-73.92376667
NJ Coast,NJ2,39.76405,-74.03143
NJ Coast,NJ3,39.61998,-74.03993
NJ Coast,NJ4,39.46835,-74.1981
NJ Coast,NJ4_19,39.76405,-74.03095
NJ Coast,NJ5_19,39.62008,-74.03987
NJ Coast,NJ6,39.522,-74.25732
Delaware,NJDB001,38.999,-75.022
Delaware,NJDB002,39.006,-74.976
Delaware,NJDB004,39.04,-74.957
Delaware,NJDB006,39.071,-75.037
Delaware,NJDB007,39.072,-74.945
Delaware,NJDB008,39.105,-74.925
Delaware,NJDB009,39.127,-74.967
Delaware,NJDB010,39.14,-74.999
Delaware,NJDB011,39.137,-75.066
Delaware,NJDB013,39.113,-75.099
Delaware,NJDB014,39.129,-75.153
Delaware,NJDB015,39.163,-75.144
Delaware,NJDB016,39.166,-75.19
Delaware,NJDB018,39.202,-75.2302
Delaware,NJDB019,39.23381,-75.03111
Delaware,NJDB04,39.04,-74.957
Delaware,NJDB06,39.071,-75.037
Delaware,NJDB08,39.105,-74.925
James,NN 1ER FWS,36.98805,-76.31108
James,NN 22 NOAA SP,37.00282,-76.29757
James,NN 3ER NOAA SP,36.97414,-76.32877
James,NN DANGER FWS,36.99939,-76.31194
James,NN Danger FWS,36.99939,-76.31194
James,NN2,36.96864,-76.34184
James,NN5,36.95783,-76.35282
James,NN8,36.95811,-76.37229
Patuxent,NOTT2,38.70814,-76.70178
Patuxent,NOTTIN,38.71073,-76.70249
NY Coast,NY BIGHT SE,40.2607,-73.22
NY Coast,NY Bight Buoy Fall 2017,40.2607,-73.22
Hudson,NYSTA1,41.07085588,-73.89518547
Hudson,NYSTA10,41.07347257,-73.88988521
Hudson,NYSTA11,41.07384015,-73.88694132
Hudson,NYSTA12,41.07346297,-73.8829009
Hudson,NYSTA13,41.07342148,-73.87776691
Hudson,NYSTA14,41.06718857,-73.89149277
Hudson,NYSTA15,41.06714222,-73.88668181
Hudson,NYSTA16,41.06682018,-73.88274592
Hudson,NYSTA17,41.06706401,-73.87828625
Hudson,NYSTA18,41.0671516,-73.87467222
Hudson,NYSTA2,41.07142357,-73.89236047
Hudson,NYSTA3,41.0708945,-73.89025309
Hudson,NYSTA4,41.07120497,-73.88793667
Hudson,NYSTA5,41.07067288,-73.88637311
Hudson,NYSTA6,41.07041953,-73.88312269
Hudson,NYSTA7,41.07178302,-73.87859437
Hudson,NYSTA8,41.07076383,-73.87556012
Hudson,NYSTA9,41.07137114,-73.87310824
NY Coast,NYWEA01,40.39,-73.62
NY Coast,NYWEA02,40.38,-73.5893
NY Coast,NYWEA03,40.3691,-73.5543
NY Coast,NYWEA04,40.3576,-73.5172
NY Coast,NYWEA05,40.3465,-73.4783
NY Coast,NYWEA06,40.3355,-73.4359
NY Coast,NYWEA07,40.3132,-73.4188
NY Coast,NYWEA08,40.3345,-73.3802
NY Coast,NYWEA09,40.2963,-73.3838
NY Coast,NYWEA10,40.3095,-73.3529
NY Coast,NYWEA11,40.3245,-73.3202
NY Coast,NYWEA12,40.2783,-73.3457
NY Coast,NYWEA13,40.2973,-73.3067
NY Coast,NYWEA14,40.3141,-73.2714
NY Coast,NYWEA15,40.2653,-73.2993
NY Coast,NYWEA16,40.2842,-73.2598
NY Coast,NYWEA18,40.2399,-73.2691
NY Coast,NYWEA19,40.2584,-73.2303
NY Coast,NYWEA20,40.2788,-73.1961
NY Coast,NYWEA23,40.2417,-73.1853
NY Coast,NYWEA24,40.2648,-73.1494
NY Coast,NYWEAConnector01,40.4917,-73.7853
NY Coast,NYWEAConnector02,40.4718,-73.7604
NY Coast,NYWEAConnector03,40.4593,-73.7333
NY Coast,NYWEAConnector04,40.4356,-73.7062
NY Coast,NYWEAConnector05,40.4195,-73.6773
NY Coast,NYWEAConnector06,40.4037,-73.6466
GS Bay,Narrows Bay buoy 2,40.73983,-72.8592
GS Bay,Narrows Bay buoy 8,40.75431,-72.8829
Potomac,National Harbor,38.76686,-77.033351
MA Coast,Nauset Beach 1,41.806,-69.931
MA Coast,Nauset Beach 2,41.787,-69.93
MA Coast,Nauset Beach North,41.806,-69.931
MA Coast,Nauset Beach South,41.78708333,-69.92988333
MA Coast,Nauset Beach South (2),41.787,-69.93
MA Coast,Nauset Offshore,41.78740538,-69.90856695
Buzzards,New Bedford,41.587,-70.8998
VA Bay,New Point Comfort Shoal 4,37.26861,-76.22683
MA Coast,Newcomb-Hollow,41.965385,-69.986702
MA Coast,"Nomans Island, MV",41.2675,-70.80965
MA Coast,North Inlet,41.699,-69.926
MA Coast,North Jetty 190617,42.821,-70.8039
Patuxent,Nottingham,38.64033,-76.69348
MD Coast,ON1,38.36913,-74.63362
MD Coast,ON2,38.369,-74.54183
NJ Coast,OPT 1,39.475,-74.2133
NJ Coast,OPT 2,39.3933,-74.2433
MD Coast,OS1,38.30393,-74.63362
MD Coast,OS2,38.30423,-74.54158
MD Coast,OUTER SE,38.14732,-74.93908
MD Coast,OUTER SW,38.14488,-74.9538
NY Coast,Ocean East,40.83855,-72.47514167
NY Coast,Ocean West,40.83983333,-72.47753333
MA Coast,Orleans,41.74083333,-69.922
NJ Coast,Orsted NJ Buoy,39.07321,-74.17202
MD Coast,Outer N,38.15573,-74.94913
MD Coast,Outer SE,38.14748,-74.93932
MD Coast,Outer SW,38.14503,-74.95422
FALSE_DET,P7,46.34605,-60.3183
Patuxent,PEPCO,38.56352,-76.6798
MA Coast,PH1,42.06961823,-70.10369
MA Coast,PH2,42.07947922,-70.09524
MA Coast,PH3,42.08935165,-70.08679
MA Coast,PH4,42.09922028,-70.07834
Merrimack,PIC,42.8167,-70.8083
Potomac,PINEY POINT A,38.12771,-76.5281
Potomac,PINEY POINT B,38.11488,-76.53088
Potomac,PINEY POINT C,38.10296,-76.54119
Potomac,PINEY POINT D,38.09389,-76.54917
Merrimack,PIPBN,42.8191,-70.8263
Merrimack,PIPCM,42.8175,-70.8265
Merrimack,PIPWI,42.815,-70.8251
Potomac,PL,38.03337,-76.33751
MA Coast,Pamet,41.99635,-70.09961667
MA Coast,Pamet Offshore,41.963333,-70.121667
MA Coast,"Pamet, Provincetown",41.99635,-70.09961667
MD Bay,Patapsco,39.15,-76.39
Hudson,Patroon Is Br,42.66463578,-73.72888603
Hudson,Patroon Island Br,42.66463,-73.72888
Patuxent,Pax Green #3,38.73676,-76.68536
Patuxent,Pax Red #2A,38.73514,-76.69471
Patuxent,Pax River - Nottingham,38.70812,-76.70181
Patuxent,Pepco,38.56345,-76.67967
Piankatank,Piankatank River 6,37.53199,-76.31833
Piankatank,Piankatank River G13,37.532,-76.3726
Potomac,"Piccowaxen Creek, Potomac",38.33748,-76.93835
Delaware,Pier 92 Philly,39.91351,-75.13255
Potomac,Piney Point A,38.12767,-76.52774
Potomac,Piney Point B,38.11491,-76.53072
Potomac,Piney Point C,38.10296,-76.54119
Potomac,Piney Point D,38.09389,-76.54917
Potomac,Piney Pt B,38.11491,-76.53091
Potomac,Piscataway,38.70638,-77.047596
Merrimack,Plum Island Point,42.817505,-70.820453
MD Bay,Pocomoke Sound,37.91214,-75.81125
Potomac,Point Lookout,38.033,-76.3355
Potomac,PointLookout_VR2C,38.03327,-76.33706
Potomac,Pomonkey,38.63048,-77.126951
VA Bay,Poquoson 4,37.21069,-76.33966
Potomac,Potomac,38.033,-76.3355
GS Bay,R.ChannelLtBuoy 4,40.67668,-73.14514
James,R128,37.34483,-77.26617
James,R138,37.36322,-77.30675
James,R152,37.37849,-77.36163
Moriches,R24,40.78274,-72.74527
James,R48,37.19096,-76.72849
James,R54,37.18621,-76.76128
James,R62,37.2176,-76.8868
James,R66,37.2241,-76.916
James,R68,37.2488,-76.9771
James,R82,37.3047,-77.0805
James,R92,37.3017,-77.1304
James,R98,37.30861,-77.17964
VA Coast,RA,36.83384,-75.88998
VA Coast,RAOutside,36.82585,-75.85044
Rhode,RHODEM,38.86676,-76.50969
VA Coast,RI,36.82965,-75.94922
VA Coast,RI2,36.83067,-75.9622
FALSE_DET,RIC03,46.55003,-63.85017
FALSE_DET,RIC05,46.54902,-63.84527
Potomac,RT 301 A,38.35345,-76.99137
Potomac,RT 301 B,38.37038,-76.99525
Boston H,Raccoon Island,42.26128333,-70.94636667
MA Coast,Race Point,42.078333,-70.236667
Potomac,Radar Tower,38.35581,-77.187934
Rappahannock,Rapp - Buoy 11,37.75895,-76.61626
Rappahannock,Rapp - Buoy 16,37.81204,-76.71165
Rappahannock,Rapp - Entrance 7R,37.58579,-76.32897
Rappahannock,Rapp - Entrance 8R,37.60167,-76.35516
Rappahannock,Rapp - LB6,37.63394,-76.50491
Rappahannock,Rapp North Shore,37.67353333,-76.54733333
Rappahannock,Rapp Towles pt. south,37.62017,-76.50904
Rappahannock,Rappahannock - Powerline,37.87502,-76.77341
NY Coast,Reliable,40.801067,-72.477517
Potomac,Report1,38.257252,-76.962039
Potomac,Report2,38.858717,-77.029682
LI Sound,Report4,41.193841,-72.181851
MD Bay,Report5,39.187745,-76.488175
MD Bay,Report7,38.9911,-76.4133
Potomac,Report8,38.91835,-77.103149
MD Bay,Report9,38.620578,-76.512482
Rhode,RhodeRiver_USGS,38.88086,-76.545256
MA Coast,Rock Harbor,41.7955,-70.092167
NY Coast,Rockaway 22,40.54396667,-73.82723333
NY Coast,Rockaway 23,40.53593333,-73.8226
NY Coast,Rockaway 24,40.52783333,-73.81758333
NY Coast,Rockaway 25,40.51978333,-73.81361667
NY Coast,Rockaway 26,40.51188333,-73.80871667
MA Coast,Rocky Point,41.9589,-70.5844
Hudson,Rogers Point Marina,41.82103542,-73.94537498
Hudson,Rogers Point Marina warning buoy,41.77944,-73.94973
Hudson,Rogers Pt Marina,41.77944122,-73.94973316
Potomac,Roosevelt Br.,38.89251,-77.057462
Potomac,Rt 301 A,38.35334,-76.99131
Potomac,Rt 301 B,38.37028,-76.99518
Potomac,S. Capitol Br.,38.87019,-77.003014
Potomac,S. Craney Isl.,38.60794,-77.173369
MA Coast,S. Monomoy,41.539795,-69.998247
MA Coast,S. Shark Cove,41.575,-69.987
FALSE_DET,S13,46.53511,-60.20196
FALSE_DET,S14,46.53845,-60.19997
LI Sound,SAYPT,41.25647,-72.35627
MA Coast,SBATS,42.8246,-70.8036
FALSE_DET,SC-COOPER RIVER-RKM 32 BAYER,32.9947,-79.92448
VA Coast,SCL 1,36.8072,-75.7432
VA Coast,SCL 2,36.8135,-75.7014
VA Coast,SCL 3,36.8196,-75.6777
VA Coast,SCL 4,36.8254,-75.6448
VA Coast,SCL 5,36.8339,-75.6131
VA Coast,SCL 6,36.8469,-75.5832
VA Coast,SCL 7,36.8606,-75.5545
VA Coast,SCL 8,36.8741,-75.5253
VA Coast,SCL 9,36.8873,-75.4959
Patuxent,SERC Active,38.51475,-76.6687
Narragansett,SERC CitSci RI,41.50505,-71.32556
Thames,SERC CitSci Thames,41.40499,-72.09386
Rhode,SERCDK,38.8856,-76.54147
Rhode,SERC_Dock,38.885556,-76.541541
MD Bay,SN,39.15192,-76.39114
VA Bay,SR,37.56752,-76.26233
Hudson,STORM KING,41.44596,-73.99144
NY Coast,SWG D3,40.5478,-73.84311667
NY Coast,SWG D5,40.5555,-73.8215
NY Coast,SWG M3,40.55605,-73.847
NY Coast,SWG M4,40.55946667,-73.83683333
NY Coast,SWG M6,40.56731667,-73.81508333
NY Coast,SWG S4,40.56726667,-73.84123333
MA Coast,Sandwich,41.77335,-70.47336667
NY Bay,Sandy Hook Bay - Earle 1,40.46534167,-74.05689167
NY Bay,Sandy Hook Bay - Earle 2,40.45772167,-74.0362
NY Bay,Sandy Hook Bay - Earle 3,40.4494,-74.0675
NY Bay,Sandy Hook Bay - Earle 6,40.44102833,-74.0696
NY Bay,Sandy Hook Bay 1,40.46534167,-74.05689167
MA Coast,Scituate,42.16,-70.699
MA Coast,Scituate 2,42.23085,-70.7492
MA Coast,Scituate 2 (school sponsor),41.2307,-70.74906667
MA Coast,Scorton Ledge,41.7466,-70.37601667
MA Coast,Scortons Ledge,41.7577,-70.4203
Delaware,Scudders Falls Bridge East Channel,40.2585,-74.8461
Delaware,Scudders Falls Bridge West Channel,40.2575,-74.8482
MA Coast,Shark Cove,41.5959,-69.9755
MA Coast,Shark Cove Offshore,41.613,-69.948
NJ Coast,Shark River 1,40.23275,-73.98973333
NJ Coast,Shark River 2,40.23233333,-73.9764
NJ Coast,Shark River 3,40.23176667,-73.96276667
NJ Coast,Shark River 4,40.23106667,-73.94896667
NJ Coast,Shark River 5,40.23055,-73.93516667
NJ Coast,Shark River 6,40.22963333,-73.9214
NJ Coast,Shark River 7,40.22913333,-73.90758333
NJ Coast,Shark River 8,40.22853333,-73.89398333
NY Coast,Shinnecock 10,40.78708333,-72.6063
NY Coast,Shinnecock 11,40.77715,-72.60153333
NY Coast,Shinnecock 2,40.79078333,-72.5932
NY Coast,Shinnecock 3,40.7807,-72.5885
NY Coast,Shinnecock 4,40.77071667,-72.5837
NY Coast,Shinnecock 5,40.7607,-72.57875
NY Coast,Shinnecock 6,40.75056667,-72.57396667
NY Coast,Shinnecock 7,40.74058333,-72.56906667
NY Coast,Shinnecock 8,40.73043333,-72.56425
NY Coast,Shinnecock 9,40.79715,-72.61101667
Buzzards,Sippiwisset Rocks,41.5879,-70.6535
Hudson,South end of Croton Pt - R18,41.16436,-73.90824
VA Bay,Stingray Point,37.5672,-76.2574
NY Coast,StonyBrook1,40.4917,-73.7853
NY Coast,StonyBrook10,40.3465,-73.4783
NY Coast,StonyBrook11,40.3355,-73.4359
NY Coast,StonyBrook12,40.3132,-73.4188
NY Coast,StonyBrook13,40.2963,-73.3838
NY Coast,StonyBrook14,40.3345,-73.3802
NY Coast,StonyBrook15,40.3095,-73.3529
NY Coast,StonyBrook16,40.3245,-73.3202
NY Coast,StonyBrook17,40.2973,-73.3067
NY Coast,StonyBrook18,40.2653,-73.2993
NY Coast,StonyBrook19,40.3141,-73.2714
NY Coast,StonyBrook2,40.4718,-73.7604
NY Coast,StonyBrook3,40.4593,-73.7333
NY Coast,StonyBrook4,40.4356,-73.7062
NY Coast,StonyBrook5,40.4195,-73.6773
NY Coast,StonyBrook6,40.4037,-73.6466
NY Coast,StonyBrook7,40.39,-73.62
NY Coast,StonyBrook8,40.38,-73.5893
NY Coast,StonyBrook9,40.3691,-73.5543
Hudson,Storm King,41.44596,-73.99144
James,Sturgeon Point,37.3075,-77.00789
MD Coast,T-1C,38.33556667,-74.94841667
MD Coast,T-2C,38.33598333,-74.50508333
MD Bay,TPTSH,38.8989,-76.45634
Bay Mouth,TS1,36.94984,-76.02338
Bay Mouth,TS11,36.98508,-76.15897
Bay Mouth,TS3,36.95714,-76.05119
Bay Mouth,TS5,36.96419,-76.07832
Bay Mouth,TS7,36.97094,-76.10453
MD Bay,Tangier-Manokin,38.10559,-75.89132
Taunton,Taunton River,41.71977,-71.158
Taunton,Taunton River 1,41.8724333,-71.0975
Taunton,Taunton River 2,41.826033,-71.11671667
Thames,Thames,41.387859,-72.088495
MD Bay,Thomas Point Shoal,38.89863,-76.45085
Hudson,Troy-Menands Br,42.70106,-73.7024
MA Coast,Truro (the Nest),42.086667,-70.165
MA Coast,Truro Offshore 1 (Balston Beach),42.00338,-70.003287
MA Coast,Truro Offshore 2 (Golf Ball),42.040384,-70.038897
Bay Mouth,Ts9,36.97808,-76.1319
Moriches,USGC buoy R12,40.77434,-72.7963
Rhode,USGS,38.88087,-76.5452
MD Bay,UTWEST,38.17241,-75.99108
Hudson,Ulster Landing - R82,41.99872,-73.94238
MD Bay,Upper Tangier West,38.17241,-75.99108
Rappahannock,Urbanna Crk/Rapp,37.6731,-76.56936667
MD Coast,V-2,38.33301667,-75.02206667
MD Coast,V-3,38.33306667,-75.00108333
James,VCU Light,37.2128,-76.90794
York,VIMS Pier,37.24587,-76.50563
MA Coast,VS1,41.41807771,-70.90632103
MA Coast,VS12,41.50089136,-70.56514499
MA Coast,VS14,41.47286886,-70.56801278
MA Coast,VS2,41.40852949,-70.89732853
MA Coast,VS3,41.398981,-70.888339
MA Coast,VS4,41.389431,-70.879352
MA Coast,VS5,41.379881,-70.870367
MA Coast,VS6,41.37033,-70.861385
MA Coast,VS8,41.54178456,-70.57880618
MA Coast,VS8.1,41.3583,-70.845
MA Coast,VS8.2,41.35623,-70.830838
VA Coast,WEA 1,36.9026,-75.4222
VA Coast,WEA 2,36.8935,-75.3995
VA Coast,WEA 3,36.9145,-75.3529
VA Coast,WEA 4,36.8971,-75.283
VA Coast,WEA 5,36.9157,-75.2313
Patuxent,WOOTEN,38.85586,-76.69092
MA Coast,Wellfleet 1,41.89205,-69.9514
MA Coast,Wellfleet 1 (Marconi),41.89205,-69.9514
MA Coast,Wellfleet 2,41.9655,-69.986
MA Coast,Wellfleet 2 (Newcomb-Hollow),41.9655,-69.986
MA Coast,Wellfleet CCB,41.90959409,-70.09674573
MA Coast,Wellfleet Offshore 1 (Nauset Light),41.855125,-69.932331
MA Coast,Wellfleet Offshore 2 (Beachcomber),41.94202,-69.964384
MA Coast,West of Monomoy,41.552,-70.016
Boston H,Wollaston Beach Center,42.2785,-70.99009
Boston H,Wollaston Beach Mid,42.2785,-70.99009
Boston H,Wollaston Marsh,42.28877,-71.018051
Boston H,Wollaston Moorings,42.28237,-71.00439
Boston H,Wollaston North,42.2896,-71.00591667
York,Y 16,37.38982,-76.6575
York,Y 35,37.51355,-76.79272
York,Y wat,37.23986,-76.50977
York,Y12,37.34993,-76.61533
York,Y18 noaa,37.41932,-76.6897
York,Y2,37.26352,-76.5204
York,Y20 NOAA,37.4323,-76.70467
York,Y29 noaa,37.49585,-76.7817
York,Y8,37.2981,-76.57758
Delaware,Yardley Shoreline Structure,40.2521,-74.8419
York,Ybell noaa,37.48389,-76.74982
York,York - North,37.51005,-76.78603
York,York - South,37.50863,-76.79066
York,York - VIMS Pier,37.24587,-76.50564
York,York 12,37.34993,-76.61533
York,York 16,37.38982,-76.6575
York,York 18,37.41932,-76.68966
York,York 2,37.26352,-76.5204
York,York 20 NOAA,37.4323,-76.70467
York,York 6,37.28991,-76.56571
York,York 8,37.2981,-76.57758
York,York Bell NOAA,37.48389,-76.74982
York,York G19,37.23875,-76.37383
York,York R20,37.25061,-76.37605
York,York Wat,37.23986,-76.50977
York,Ypages,37.31076,-76.58666
NY Coast,mb inlet receiver 3,40.76262,-72.75654
James,sk 1mi,37.13541,-76.63379
James,sk mi 11,37.13669,-76.62707
James,skiffes creek 2,37.16421,-76.62905
James,skiffes creek 5,37.16621,-76.6153
